Cohort,Total_Fractures,MOP_N,MOP_Percent,Other_N,Other_Percent
total_n215,118,30,25.423728813559322,80,67.79661016949152
total_dm,73,16,21.91780821917808,52,71.23287671232876
osteopenia_n91,47,10,21.27659574468085,35,74.46808510638297
osteo_dm,34,8,23.52941176470588,24,70.58823529411765
