Cohort,N_Fracture,N_Control,MOP_N,MOP_Percent,Other_N,Other_Percent,AGE_Fx,AGE_Ctl,AGE_P,BMI_Fx,BMI_Ctl,BMI_P,L1-L4 T SCORE_Fx,L1-L4 T SCORE_Ctl,L1-L4 T SCORE_P,NECK_TSCORE_Fx,NECK_TSCORE_Ctl,NECK_TSCORE_P,TBS_Fx,TBS_Ctl,TBS_P
total_n215,118,97,32,27.11864406779661,78,66.10169491525424,60.09 ± 8.46,57.97 ± 8.84,0.0740,27.80 ± 4.59,27.69 ± 4.44,0.8664,-1.94 ± 1.33,-1.61 ± 1.42,0.0853,-1.62 ± 1.08,-1.45 ± 1.13,0.2572,1.25 ± 0.12,1.28 ± 0.11,0.1766
total_dm,73,67,17,23.28767123287671,51,69.86301369863014,60.49 ± 8.58,58.24 ± 7.78,0.1067,27.63 ± 4.49,28.18 ± 4.06,0.4525,-1.74 ± 1.29,-1.60 ± 1.37,0.5190,-1.53 ± 1.16,-1.42 ± 1.09,0.5817,1.26 ± 0.14,1.27 ± 0.11,0.5708
osteopenia_n91,47,44,10,21.27659574468085,35,74.46808510638297,59.51 ± 7.23,57.23 ± 8.87,0.1804,28.54 ± 4.40,28.39 ± 4.60,0.8700,-1.63 ± 0.76,-1.36 ± 0.84,0.1099,-1.34 ± 0.65,-1.29 ± 0.57,0.7130,1.25 ± 0.14,1.28 ± 0.08,0.2142
osteo_dm,34,32,8,23.52941176470588,24,70.58823529411765,58.06 ± 6.59,56.91 ± 7.11,0.4969,28.34 ± 4.36,29.39 ± 4.43,0.3338,-1.66 ± 0.66,-1.36 ± 0.92,0.1316,-1.29 ± 0.66,-1.28 ± 0.55,0.9474,1.26 ± 0.15,1.28 ± 0.09,0.5877
